<?xml version="1.0" encoding="UTF-8" standalone="no"?><root>
    <jugador tipus="Assassí">
        <nom>Xavi</nom>
        <or>3321</or>
        <nivell>12</nivell>
        <vida>3123</vida>
        <atac>123</atac>
        <defensa>226</defensa>
        <magia>453</magia>
        <inventari>
            <objecte>
                <nomObj>Doragon</nomObj>
                <tipusObj>Espasa</tipusObj>
                <nivellObj>3</nivellObj>
            </objecte>
            <objecte>
                <nomObj>Naru</nomObj>
                <tipusObj>Armadura</tipusObj>
                <nivellObj>7</nivellObj>
            </objecte>
            <objecte>
                <nomObj>Blandu</nomObj>
                <tipusObj>Botas</tipusObj>
                <nivellObj>2</nivellObj>
            </objecte>
        </inventari>
    </jugador>
    <jugador tipus="Mag">
        <nom>Ansu</nom>
        <or>2289</or>
        <nivell>24</nivell>
        <vida>786</vida>
        <atac>677</atac>
        <defensa>666</defensa>
        <magia>456</magia>
        <inventari>
            <objecte>
                <nomObj>Burk</nomObj>
                <tipusObj>Casc</tipusObj>
                <nivellObj>9</nivellObj>
            </objecte>
            <objecte>
                <nomObj>Aguja</nomObj>
                <tipusObj>Espasa</tipusObj>
                <nivellObj>7</nivellObj>
            </objecte>
            <objecte>
                <nomObj>Juns</nomObj>
                <tipusObj>Pantalons</tipusObj>
                <nivellObj>11</nivellObj>
            </objecte>
        </inventari>
    </jugador>
    <jugador tipus="Guerrer">
        <nom>Nico</nom>
        <or>233</or>
        <nivell>6</nivell>
        <vida>336</vida>
        <atac>287</atac>
        <defensa>465</defensa>
        <magia>112</magia>
        <inventari>
            <objecte>
                <nomObj>Kill</nomObj>
                <tipusObj>Arc</tipusObj>
                <nivellObj>10</nivellObj>
            </objecte>
            <objecte>
                <nomObj>Bisb</nomObj>
                <tipusObj>Camisa</tipusObj>
                <nivellObj>7</nivellObj>
            </objecte>
            <objecte>
                <nomObj>Fest</nomObj>
                <tipusObj>Guantes</tipusObj>
                <nivellObj>2</nivellObj>
            </objecte>
        </inventari>
    </jugador>
    <jugador>
        <nom>Pepito</nom>
        <or>124</or>
        <nivell>3</nivell>
        <vida>132</vida>
        <atac>176</atac>
        <defensa>327</defensa>
        <magia>103</magia>
        <inventari>
            <objecte>
                <nomObj>Pest</nomObj>
                <tipusObj>daga</tipusObj>
                <nivellObj>3</nivellObj>
            </objecte>
            <objecte>
                <nomObj>Shadow</nomObj>
                <tipusObj>armadura</tipusObj>
                <nivellObj>2</nivellObj>
            </objecte>
        </inventari>
    </jugador>
</root>