<?xml version="1.0" encoding="UTF-8"?>
<project-private xmlns="http://www.netbeans.org/ns/project-private/1">
    <editor-bookmarks xmlns="http://www.netbeans.org/ns/editor-bookmarks/2" lastBookmarkId="0"/>
    <open-files xmlns="http://www.netbeans.org/ns/projectui-open-files/2">
        <group>
            <file>file:/E:/AluCiclesGS1/Assignaturas/AccésADades/Practicas/IQE_RA1_Ex_Pt2/cuentas.txt</file>
            <file>file:/E:/AluCiclesGS1/Assignaturas/AccésADades/Practicas/IQE_RA1_Ex_Pt2/Jugadors.xml</file>
            <file>file:/E:/AluCiclesGS1/Assignaturas/AccésADades/Practicas/IQE_RA1_Ex_Pt2/src/iqe_ra1_ex_pt2/IQE_RA1_Ex_Pt2.java</file>
        </group>
    </open-files>
</project-private>
